{"cameraMode":{"drawMode":0,"name":"Shaded","section":"Shading Mode"},"sceneLighting":false,"audioPlay":false,"sceneViewState":{"m_AlwaysRefresh":false,"showFog":true,"showSkybox":false,"showFlares":true,"showImageEffects":true,"showParticleSystems":true,"showVisualEffectGraphs":true,"m_FxEnabled":true},"in2DMode":false,"pivot":{"x":0.852391242980957,"y":4.242074966430664,"z":0.5707054138183594},"rotation":{"x":0.20627619326114655,"y":-0.5155184864997864,"z":0.12943987548351289,"w":0.8215411305427551},"size":10.140337944030762,"orthographic":true}