{"cameraMode":{"drawMode":0,"name":"Shaded","section":"Shading Mode"},"sceneLighting":false,"audioPlay":false,"sceneViewState":{"m_AlwaysRefresh":false,"showFog":true,"showSkybox":false,"showFlares":true,"showImageEffects":true,"showParticleSystems":true,"showVisualEffectGraphs":true,"m_FxEnabled":true},"in2DMode":false,"pivot":{"x":0.03546905517578125,"y":3.6373071670532228,"z":-0.32581424713134768},"rotation":{"x":0.36532285809516909,"y":-0.5334174036979675,"z":0.2736469507217407,"w":0.7121195197105408},"size":9.75003433227539,"orthographic":true}