{"cameraMode":{"drawMode":0,"name":"Shaded","section":"Shading Mode"},"sceneLighting":false,"audioPlay":false,"sceneViewState":{"m_AlwaysRefresh":false,"showFog":true,"showSkybox":false,"showFlares":true,"showImageEffects":true,"showParticleSystems":true,"showVisualEffectGraphs":true,"m_FxEnabled":true},"in2DMode":false,"pivot":{"x":-0.000018596649169921875,"y":3.249476909637451,"z":0.3619852066040039},"rotation":{"x":-0.005065917037427425,"y":-0.9065489768981934,"z":0.010877552442252636,"w":-0.42192283272743227},"size":8.36458683013916,"orthographic":true}