{"cameraMode":{"drawMode":0,"name":"Shaded","section":"Shading Mode"},"sceneLighting":false,"audioPlay":false,"sceneViewState":{"m_AlwaysRefresh":false,"showFog":true,"showSkybox":false,"showFlares":true,"showImageEffects":true,"showParticleSystems":true,"showVisualEffectGraphs":true,"m_FxEnabled":true},"in2DMode":false,"pivot":{"x":-0.4732656478881836,"y":3.788733959197998,"z":0.8263692855834961},"rotation":{"x":-0.0013805852504447103,"y":0.9885509014129639,"z":-0.1509183794260025,"w":-0.008642788976430893},"size":14.117850303649903,"orthographic":false}