{"cameraMode":{"drawMode":0,"name":"Shaded","section":"Shading Mode"},"sceneLighting":false,"audioPlay":false,"sceneViewState":{"m_AlwaysRefresh":false,"showFog":true,"showSkybox":false,"showFlares":true,"showImageEffects":true,"showParticleSystems":true,"showVisualEffectGraphs":true,"m_FxEnabled":true},"in2DMode":false,"pivot":{"x":0.0002231597900390625,"y":5.199001789093018,"z":-0.00002574920654296875},"rotation":{"x":0.05819046124815941,"y":0.5044693350791931,"z":-0.034104444086551669,"w":0.8607872724533081},"size":10.235475540161133,"orthographic":true}