{"cameraMode":{"drawMode":0,"name":"Shaded","section":"Shading Mode"},"sceneLighting":false,"audioPlay":false,"sceneViewState":{"m_AlwaysRefresh":false,"showFog":true,"showSkybox":false,"showFlares":true,"showImageEffects":true,"showParticleSystems":true,"showVisualEffectGraphs":true,"m_FxEnabled":true},"in2DMode":false,"pivot":{"x":-8.344650268554688e-7,"y":0.7502188682556152,"z":0.004016324877738953},"rotation":{"x":0.3500727713108063,"y":-0.5048444867134094,"z":0.23459401726722718,"w":0.7533527612686157},"size":0.8131340146064758,"orthographic":true}