{"cameraMode":{"drawMode":0,"name":"Shaded","section":"Shading Mode"},"sceneLighting":false,"audioPlay":false,"sceneViewState":{"m_AlwaysRefresh":false,"showFog":true,"showSkybox":false,"showFlares":true,"showImageEffects":true,"showParticleSystems":true,"showVisualEffectGraphs":true,"m_FxEnabled":true},"in2DMode":false,"pivot":{"x":0.000003814697265625,"y":0.3798154592514038,"z":-0.15816974639892579},"rotation":{"x":0.31276383996009829,"y":-0.3900834918022156,"z":0.14283379912376405,"w":0.8541695475578308},"size":21.912975311279298,"orthographic":true}