{"cameraMode":{"drawMode":0,"name":"Shaded","section":"Shading Mode"},"sceneLighting":false,"audioPlay":false,"sceneViewState":{"m_AlwaysRefresh":false,"showFog":true,"showSkybox":false,"showFlares":true,"showImageEffects":true,"showParticleSystems":true,"showVisualEffectGraphs":true,"m_FxEnabled":true},"in2DMode":false,"pivot":{"x":0.012248516082763672,"y":1.5491111278533936,"z":0.3803830146789551},"rotation":{"x":0.045375581830739978,"y":-0.6918057799339294,"z":0.04364293813705444,"w":0.7193286418914795},"size":4.360141754150391,"orthographic":true}