{"cameraMode":{"drawMode":0,"name":"Shaded","section":"Shading Mode"},"sceneLighting":false,"audioPlay":false,"sceneViewState":{"m_AlwaysRefresh":false,"showFog":true,"showSkybox":false,"showFlares":true,"showImageEffects":true,"showParticleSystems":true,"showVisualEffectGraphs":true,"m_FxEnabled":true},"in2DMode":false,"pivot":{"x":0.03547859191894531,"y":3.591315746307373,"z":-0.32590150833129885},"rotation":{"x":0.03451606258749962,"y":-0.7521480321884155,"z":0.0395258367061615,"w":0.6568960547447205},"size":9.735244750976563,"orthographic":true}