{"cameraMode":{"drawMode":0,"name":"Shaded","section":"Shading Mode"},"sceneLighting":false,"audioPlay":false,"sceneViewState":{"m_AlwaysRefresh":false,"showFog":true,"showSkybox":false,"showFlares":true,"showImageEffects":true,"showParticleSystems":true,"showVisualEffectGraphs":true,"m_FxEnabled":true},"in2DMode":false,"pivot":{"x":0.08278942108154297,"y":5.80323600769043,"z":0.034510135650634769},"rotation":{"x":-0.005065917037427425,"y":-0.9065489768981934,"z":0.010877552442252636,"w":-0.42192283272743227},"size":10.36217212677002,"orthographic":true}