{"cameraMode":{"drawMode":0,"name":"Shaded","section":"Shading Mode"},"sceneLighting":false,"audioPlay":false,"sceneViewState":{"m_AlwaysRefresh":false,"showFog":true,"showSkybox":false,"showFlares":true,"showImageEffects":true,"showParticleSystems":true,"showVisualEffectGraphs":true,"m_FxEnabled":true},"in2DMode":false,"pivot":{"x":2.0021932125091554,"y":8.893126487731934,"z":1.8460779190063477},"rotation":{"x":0.22066916525363923,"y":-0.14364272356033326,"z":0.032877665013074878,"w":0.9641492366790772},"size":11.512797355651856,"orthographic":true}