{"cameraMode":{"drawMode":0,"name":"Shaded","section":"Shading Mode"},"sceneLighting":false,"audioPlay":false,"sceneViewState":{"m_AlwaysRefresh":false,"showFog":true,"showSkybox":false,"showFlares":true,"showImageEffects":true,"showParticleSystems":true,"showVisualEffectGraphs":true,"m_FxEnabled":true},"in2DMode":false,"pivot":{"x":-0.004627227783203125,"y":6.901448726654053,"z":0.000942230224609375},"rotation":{"x":-0.02302679419517517,"y":0.8959835171699524,"z":-0.44112759828567507,"w":-0.04688197746872902},"size":8.988195419311524,"orthographic":false}