{"cameraMode":{"drawMode":0,"name":"Shaded","section":"Shading Mode"},"sceneLighting":false,"audioPlay":false,"sceneViewState":{"m_AlwaysRefresh":false,"showFog":true,"showSkybox":false,"showFlares":true,"showImageEffects":true,"showParticleSystems":true,"showVisualEffectGraphs":true,"m_FxEnabled":true},"in2DMode":false,"pivot":{"x":-1.219222068786621,"y":-0.30368727445602419,"z":1.0887055397033692},"rotation":{"x":0.07396246492862702,"y":-0.6722769141197205,"z":0.06779243797063828,"w":0.7334671020507813},"size":1.7677669525146485,"orthographic":false}