{"cameraMode":{"drawMode":0,"name":"Shaded","section":"Shading Mode"},"sceneLighting":false,"audioPlay":false,"sceneViewState":{"m_AlwaysRefresh":false,"showFog":true,"showSkybox":false,"showFlares":true,"showImageEffects":true,"showParticleSystems":true,"showVisualEffectGraphs":true,"m_FxEnabled":true},"in2DMode":false,"pivot":{"x":-0.22107791900634767,"y":3.500253200531006,"z":0.04909515380859375},"rotation":{"x":-0.005065917037427425,"y":-0.9065489768981934,"z":0.010877552442252636,"w":-0.42192283272743227},"size":10.61991024017334,"orthographic":true}