{"cameraMode":{"drawMode":0,"name":"Shaded","section":"Shading Mode"},"sceneLighting":false,"audioPlay":false,"sceneViewState":{"m_AlwaysRefresh":false,"showFog":true,"showSkybox":false,"showFlares":true,"showImageEffects":true,"showParticleSystems":true,"showVisualEffectGraphs":true,"m_FxEnabled":true},"in2DMode":false,"pivot":{"x":0.0004820823669433594,"y":1.365586757659912,"z":-2.384185791015625e-7},"rotation":{"x":0.017352547496557237,"y":0.9594501852989197,"z":-0.2748563587665558,"w":0.060780078172683719},"size":2.3603034019470217,"orthographic":false}