{"cameraMode":{"drawMode":0,"name":"Shaded","section":"Shading Mode"},"sceneLighting":false,"audioPlay":false,"sceneViewState":{"m_AlwaysRefresh":false,"showFog":true,"showSkybox":false,"showFlares":true,"showImageEffects":true,"showParticleSystems":true,"showVisualEffectGraphs":true,"m_FxEnabled":true},"in2DMode":false,"pivot":{"x":0.000003814697265625,"y":5.072213172912598,"z":0.00000286102294921875},"rotation":{"x":0.05272414907813072,"y":-0.5994062423706055,"z":0.03962035849690437,"w":0.7977189421653748},"size":16.5701904296875,"orthographic":true}