{"cameraMode":{"drawMode":0,"name":"Shaded","section":"Shading Mode"},"sceneLighting":false,"audioPlay":false,"sceneViewState":{"m_AlwaysRefresh":false,"showFog":true,"showSkybox":false,"showFlares":true,"showImageEffects":true,"showParticleSystems":true,"showVisualEffectGraphs":true,"m_FxEnabled":true},"in2DMode":false,"pivot":{"x":3.3483924865722658,"y":1.1092023849487305,"z":-8.684022903442383},"rotation":{"x":0.05014180764555931,"y":0.8992512822151184,"z":-0.10706283897161484,"w":0.42115506529808047},"size":32.52699279785156,"orthographic":false}