{"cameraMode":{"drawMode":0,"name":"Shaded","section":"Shading Mode"},"sceneLighting":false,"audioPlay":false,"sceneViewState":{"m_AlwaysRefresh":false,"showFog":true,"showSkybox":false,"showFlares":true,"showImageEffects":true,"showParticleSystems":true,"showVisualEffectGraphs":true,"m_FxEnabled":true},"in2DMode":false,"pivot":{"x":0.03484392166137695,"y":4.878777980804443,"z":-0.19550037384033204},"rotation":{"x":-0.0013805852504447103,"y":0.9885509014129639,"z":-0.1509183794260025,"w":-0.008642788976430893},"size":9.059048652648926,"orthographic":false}