{"cameraMode":{"drawMode":0,"name":"Shaded","section":"Shading Mode"},"sceneLighting":false,"audioPlay":false,"sceneViewState":{"m_AlwaysRefresh":false,"showFog":true,"showSkybox":false,"showFlares":true,"showImageEffects":true,"showParticleSystems":true,"showVisualEffectGraphs":true,"m_FxEnabled":true},"in2DMode":false,"pivot":{"x":0.26740264892578127,"y":6.660733222961426,"z":-0.0000019073486328125},"rotation":{"x":0.05819046124815941,"y":0.5044693350791931,"z":-0.034104444086551669,"w":0.8607872724533081},"size":22.94499397277832,"orthographic":true}