{"cameraMode":{"drawMode":0,"name":"Shaded","section":"Shading Mode"},"sceneLighting":false,"audioPlay":false,"sceneViewState":{"m_AlwaysRefresh":false,"showFog":true,"showSkybox":false,"showFlares":true,"showImageEffects":true,"showParticleSystems":true,"showVisualEffectGraphs":true,"m_FxEnabled":true},"in2DMode":false,"pivot":{"x":-0.004627227783203125,"y":4.639298439025879,"z":0.000942230224609375},"rotation":{"x":0.045375581830739978,"y":-0.6918057799339294,"z":0.04364293813705444,"w":0.7193286418914795},"size":7.398015975952148,"orthographic":true}