{"cameraMode":{"drawMode":0,"name":"Shaded","section":"Shading Mode"},"sceneLighting":false,"audioPlay":false,"sceneViewState":{"m_AlwaysRefresh":false,"showFog":true,"showSkybox":false,"showFlares":true,"showImageEffects":true,"showParticleSystems":true,"showVisualEffectGraphs":true,"m_FxEnabled":true},"in2DMode":false,"pivot":{"x":0.000009059906005859375,"y":8.464442253112793,"z":0.47563648223876955},"rotation":{"x":0.00045163894537836313,"y":-0.9884478449821472,"z":-0.002966119209304452,"w":-0.15151317417621613},"size":12.512924194335938,"orthographic":true}