{"cameraMode":{"drawMode":0,"name":"Shaded","section":"Shading Mode"},"sceneLighting":false,"audioPlay":false,"sceneViewState":{"m_AlwaysRefresh":false,"showFog":true,"showSkybox":false,"showFlares":true,"showImageEffects":true,"showParticleSystems":true,"showVisualEffectGraphs":true,"m_FxEnabled":true},"in2DMode":false,"pivot":{"x":1.9273490905761719,"y":3.7631101608276369,"z":-0.00020885467529296875},"rotation":{"x":0.045375581830739978,"y":-0.6918057799339294,"z":0.04364293813705444,"w":0.7193286418914795},"size":5.778800964355469,"orthographic":true}