{"cameraMode":{"drawMode":0,"name":"Shaded","section":"Shading Mode"},"sceneLighting":false,"audioPlay":false,"sceneViewState":{"m_AlwaysRefresh":false,"showFog":true,"showSkybox":false,"showFlares":true,"showImageEffects":true,"showParticleSystems":true,"showVisualEffectGraphs":true,"m_FxEnabled":true},"in2DMode":false,"pivot":{"x":-0.07063674926757813,"y":9.406303405761719,"z":1.1113662719726563},"rotation":{"x":0.000002384740810157382,"y":-0.999955952167511,"z":-0.009000163525342942,"w":-0.0006002103327773511},"size":16.010255813598634,"orthographic":true}