{"cameraMode":{"drawMode":0,"name":"Shaded","section":"Shading Mode"},"sceneLighting":false,"audioPlay":false,"sceneViewState":{"m_AlwaysRefresh":false,"showFog":true,"showSkybox":false,"showFlares":true,"showImageEffects":true,"showParticleSystems":true,"showVisualEffectGraphs":true,"m_FxEnabled":true},"in2DMode":false,"pivot":{"x":0.000001430511474609375,"y":9.474095344543457,"z":-3.5989928245544435},"rotation":{"x":0.20627619326114655,"y":-0.5155184864997864,"z":0.12943987548351289,"w":0.8215411305427551},"size":12.593406677246094,"orthographic":true}